id,s_id,stamp,time,amplitude
1,1,20230503133614,1160,220
2,2,20230503133614,117220,221
3,3,20230503133614,118380,217
4,4,20230503133614,119540,220
5,5,20230503133614,235600,221
6,6,20230503133614,236760,217
7,7,20230503133614,237920,220
8,8,20230503133614,353980,221
9,9,20230503133614,355140,217
10,10,20230503133614,356300,220
11,11,20230503133614,472360,221
12,12,20230503133614,473520,217
13,13,20230503133614,474680,220
14,14,20230503133614,590740,221
15,15,20230503133614,591900,217
16,16,20230503133614,593060,220
17,17,20230503133614,709120,221
18,18,20230503133614,710280,217
19,19,20230503133614,711440,220
20,20,20230503133619,712600,221
21,21,20230503133619,713752,221
22,22,20230503133619,714904,227
23,23,20230503133620,716056,230
24,24,20230503133620,717208,222
25,25,20230503133620,718360,218
26,26,20230503133620,719512,215
27,27,20230503133620,720664,220
28,28,20230503133620,721816,231
29,29,20230503133620,722968,233
30,30,20230503133620,724120,239
31,31,20230503133620,725272,250
32,32,20230503133620,726424,212
33,33,20230503133620,727576,207
34,34,20230503133620,728728,204
35,35,20230503133620,729880,225
36,36,20230503133620,731032,243
37,37,20230503133620,732184,234
38,38,20230503133620,733336,220
39,39,20230503133620,734488,212
40,40,20230503133620,735640,219
41,41,20230503133620,736792,217
42,42,20230503133620,737944,215
43,43,20230503133620,739096,209
44,44,20230503133620,740248,204
45,45,20230503133620,741400,210
46,46,20230503133620,742552,215
47,47,20230503133620,743704,225
48,48,20230503133620,744856,229
49,49,20230503133620,746008,236
50,50,20230503133620,747160,234
51,51,20230503133620,748312,230
52,52,20230503133620,749464,225
53,53,20230503133620,750616,221
54,54,20230503133620,751768,233
55,55,20230503133620,752920,237
56,56,20230503133620,754072,239
57,57,20230503133620,755224,232
58,58,20230503133620,756376,223
59,59,20230503133620,757528,219
60,60,20230503133620,758680,226
61,61,20230503133620,759832,227
62,62,20230503133620,760984,230
63,63,20230503133620,762136,222
64,64,20230503133620,763288,215
65,65,20230503133620,764440,212
66,66,20230503133620,765592,219
67,67,20230503133620,766744,225
68,68,20230503133620,767896,227
69,69,20230503133620,769048,228
70,70,20230503133620,770200,223
71,71,20230503133620,771352,220
72,72,20230503133620,772504,217
73,73,20230503133620,773656,222
74,74,20230503133620,774808,227
75,75,20230503133620,775960,230
76,76,20230503133620,777112,225
77,77,20230503133620,778264,221
78,78,20230503133620,779416,215
79,79,20230503133620,780568,218
80,80,20230503133620,781720,222
81,81,20230503133620,782872,227
82,82,20230503133620,784024,227
83,83,20230503133620,785176,221
84,84,20230503133621,786328,218
85,85,20230503133621,787480,216
86,86,20230503133621,788632,225
87,87,20230503133621,789784,226
88,88,20230503133621,790936,226
89,89,20230503133621,792088,223
90,90,20230503133621,793240,222
91,91,20230503133621,794392,216
92,92,20230503133621,795544,221
93,93,20230503133621,796696,222
94,94,20230503133621,797848,227
95,95,20230503133621,799000,219
96,96,20230503133621,800152,227
97,97,20230503133621,801304,224
98,98,20230503133621,802456,220
99,99,20230503133621,803608,226
100,100,20230503133621,804760,223
101,101,20230503133621,805912,228
102,102,20230503133621,807064,227
103,103,20230503133621,808216,225
104,104,20230503133621,809368,221
105,105,20230503133621,810520,221
106,106,20230503133621,811672,221
107,107,20230503133621,812824,229
108,108,20230503133621,813976,229
109,109,20230503133621,815128,228
110,110,20230503133621,816280,223
111,111,20230503133621,817432,219
112,112,20230503133621,818584,219
113,113,20230503133621,819736,222
114,114,20230503133621,820888,226
115,115,20230503133621,822040,224
116,116,20230503133621,823192,225
117,117,20230503133621,824344,222
118,118,20230503133621,825496,222
119,119,20230503133621,826648,220
120,120,20230503133621,827800,223
121,121,20230503133621,828952,223
122,122,20230503133621,830104,221
123,123,20230503133621,831256,219
124,124,20230503133621,832408,218
125,125,20230503133621,833560,219
126,126,20230503133621,834712,221
127,127,20230503133621,835864,226
128,128,20230503133621,837016,224
129,129,20230503133621,838168,227
130,130,20230503133621,839320,223
131,131,20230503133621,840472,223
132,132,20230503133621,841624,223
133,133,20230503133621,842776,226
134,134,20230503133621,843928,225
135,135,20230503133621,845080,227
136,136,20230503133621,846232,226
137,137,20230503133621,847384,221
138,138,20230503133621,848536,221
139,139,20230503133621,849688,221
140,140,20230503133621,850840,222
141,141,20230503133621,851992,224
142,142,20230503133621,853144,225
143,143,20230503133621,854296,223
144,144,20230503133621,855448,221
145,145,20230503133621,856600,221
146,146,20230503133621,857752,223
147,147,20230503133621,858904,225
148,148,20230503133621,860056,226
149,149,20230503133621,861208,227
150,150,20230503133622,862360,222
151,151,20230503133622,863512,225
152,152,20230503133622,864664,224
153,153,20230503133622,865816,225
154,154,20230503133622,866968,225
155,155,20230503133622,868120,226
156,156,20230503133622,869272,223
157,157,20230503133622,870424,221
158,158,20230503133622,871576,219
159,159,20230503133622,872728,222
160,160,20230503133622,873880,222
161,161,20230503133622,875032,223
162,162,20230503133622,876184,224
163,163,20230503133622,877336,220
164,164,20230503133622,878488,224
165,165,20230503133622,879640,222
166,166,20230503133622,880792,223
167,167,20230503133622,881944,219
168,168,20230503133622,883096,220
169,169,20230503133622,884248,223
170,170,20230503133622,885400,220
171,171,20230503133622,886552,219
172,172,20230503133622,887704,220
173,173,20230503133622,888856,219
174,174,20230503133622,890008,228
175,175,20230503133622,891160,226
176,176,20230503133622,892312,220
177,177,20230503133622,893464,226
178,178,20230503133622,894616,222
179,179,20230503133622,895768,221
180,180,20230503133622,896920,221
181,181,20230503133622,898072,223
182,182,20230503133622,899224,221
183,183,20230503133622,900376,225
184,184,20230503133622,901528,223
185,185,20230503133622,902680,224
186,186,20230503133622,903832,221
187,187,20230503133622,904984,222
188,188,20230503133622,906136,225
189,189,20230503133622,907288,222
190,190,20230503133622,908440,228
191,191,20230503133622,909592,225
192,192,20230503133622,910744,223
193,193,20230503133622,911896,220
194,194,20230503133622,913048,223
195,195,20230503133622,914200,222
196,196,20230503133622,915352,224
197,197,20230503133622,916504,225
198,198,20230503133622,917656,223
199,199,20230503133622,918808,218
200,200,20230503133622,919960,218
201,201,20230503133622,921112,222
202,202,20230503133622,922264,220
203,203,20230503133622,923416,225
204,204,20230503133622,924568,222
205,205,20230503133622,925720,219
206,206,20230503133622,926872,215
207,207,20230503133622,928024,220
208,208,20230503133622,929176,220
209,209,20230503133622,930328,225
210,210,20230503133622,931480,225
211,211,20230503133623,932632,223
212,212,20230503133623,933784,217
213,213,20230503133623,934936,222
214,214,20230503133623,936088,225
215,215,20230503133623,937240,222
216,216,20230503133623,938392,230
217,217,20230503133623,939544,227
218,218,20230503133623,940696,222
219,219,20230503133623,941848,218
220,220,20230503133623,943000,225
221,221,20230503133623,944152,222
222,222,20230503133623,945304,230
223,223,20230503133623,946456,229
224,224,20230503133623,947608,228
225,225,20230503133623,948760,221
226,226,20230503133623,949912,222
227,227,20230503133623,951064,221
228,228,20230503133623,952216,222
229,229,20230503133623,953368,227
230,230,20230503133623,954520,227
231,231,20230503133623,955672,203
232,232,20230503133623,956824,213
233,233,20230503133623,957976,214
234,234,20230503133623,959128,218
235,235,20230503133623,960280,225
236,236,20230503133623,961432,225
237,237,20230503133623,962584,223
238,238,20230503133623,963736,216
239,239,20230503133623,964888,217
240,240,20230503133623,966040,220
241,241,20230503133623,967192,222
242,242,20230503133623,968344,231
243,243,20230503133623,969496,229
244,244,20230503133623,970648,224
245,245,20230503133623,971800,219
246,246,20230503133623,972952,218
247,247,20230503133623,974104,219
248,248,20230503133623,975256,228
249,249,20230503133623,976408,228
250,250,20230503133623,977560,226
251,251,20230503133623,978712,218
252,252,20230503133623,979864,217
253,253,20230503133623,981016,216
254,254,20230503133623,982168,221
255,255,20230503133623,983320,226
256,256,20230503133623,984472,225
257,257,20230503133623,985624,211
258,258,20230503133623,986776,212
259,259,20230503133623,987928,211
260,260,20230503133623,989080,216
261,261,20230503133623,990232,223
262,262,20230503133623,991384,224
263,263,20230503133623,992536,223
264,264,20230503133623,993688,217
265,265,20230503133623,994840,217
266,266,20230503133623,995992,218
267,267,20230503133623,997144,222
268,268,20230503133623,998296,232
269,269,20230503133623,999448,235
270,270,20230503133623,1000608,217
271,271,20230503133624,1001760,225
272,272,20230503133624,1002912,222
273,273,20230503133624,1004064,219
274,274,20230503133624,1005216,229
275,275,20230503133624,1006368,231
276,276,20230503133624,1007520,231
277,277,20230503133624,1008672,221
278,278,20230503133624,1009824,216
279,279,20230503133624,1010976,215
280,280,20230503133624,1012128,220
281,281,20230503133624,1013280,228
282,282,20230503133624,1014432,228
283,283,20230503133624,1015584,222
284,284,20230503133624,1016736,215
285,285,20230503133624,1017888,213
286,286,20230503133624,1019040,214
287,287,20230503133624,1020192,219
288,288,20230503133624,1021344,222
289,289,20230503133624,1022496,219
290,290,20230503133624,1023648,217
291,291,20230503133624,1024800,215
292,292,20230503133624,1025952,214
293,293,20230503133624,1027104,218
294,294,20230503133624,1028256,224
295,295,20230503133624,1029408,234
296,296,20230503133624,1030560,234
297,297,20230503133624,1031712,223
298,298,20230503133624,1032864,218
299,299,20230503133624,1034016,217
300,300,20230503133624,1035168,227
301,301,20230503133624,1036320,229
302,302,20230503133624,1037472,229
303,303,20230503133624,1038624,223
304,304,20230503133624,1039776,219
305,305,20230503133624,1040928,214
306,306,20230503133624,1042080,217
307,307,20230503133624,1043232,225
308,308,20230503133624,1044384,228
309,309,20230503133624,1045536,217
310,310,20230503133624,1046688,213
311,311,20230503133624,1047840,210
312,312,20230503133624,1048992,213
313,313,20230503133624,1050144,222
314,314,20230503133624,1051296,226
315,315,20230503133624,1052448,227
316,316,20230503133624,1053600,220
317,317,20230503133624,1054752,215
318,318,20230503133624,1055904,216
319,319,20230503133624,1057056,221
320,320,20230503133624,1058208,228
321,321,20230503133624,1059360,230
322,322,20230503133624,1060512,254
323,323,20230503133624,1061664,221
324,324,20230503133624,1062816,218
325,325,20230503133624,1063968,219
326,326,20230503133624,1065120,228
327,327,20230503133624,1066272,227
328,328,20230503133624,1067424,233
329,329,20230503133624,1068576,228
330,330,20230503133624,1069728,197
331,331,20230503133624,1070880,217
332,332,20230503133625,1072032,223
333,333,20230503133625,1073184,227
334,334,20230503133625,1074336,231
335,335,20230503133625,1075488,231
336,336,20230503133625,1076640,222
337,337,20230503133625,1077792,215
338,338,20230503133625,1078944,218
339,339,20230503133625,1080096,220
340,340,20230503133625,1081248,227
341,341,20230503133625,1082400,233
342,342,20230503133625,1083552,226
343,343,20230503133625,1084704,229
344,344,20230503133625,1085856,218
345,345,20230503133625,1087008,219
346,346,20230503133625,1088160,223
347,347,20230503133625,1089312,231
348,348,20230503133625,1090464,217
349,349,20230503133625,1091616,223
350,350,20230503133625,1092768,221
351,351,20230503133625,1093920,221
352,352,20230503133625,1095072,231
353,353,20230503133625,1096224,231
354,354,20230503133625,1097376,237
355,355,20230503133625,1098528,230
356,356,20230503133625,1099680,228
357,357,20230503133625,1100832,226
358,358,20230503133625,1101984,226
359,359,20230503133625,1103136,230
360,360,20230503133625,1104288,234
361,361,20230503133625,1105440,211
362,362,20230503133625,1106592,222
363,363,20230503133625,1107744,221
364,364,20230503133625,1108896,218
365,365,20230503133625,1110048,220
366,366,20230503133625,1111200,223
367,367,20230503133625,1112352,224
368,368,20230503133625,1113504,223
369,369,20230503133625,1114656,221
370,370,20230503133625,1115808,215
371,371,20230503133625,1116960,215
372,372,20230503133625,1118112,218
373,373,20230503133625,1119264,227
374,374,20230503133625,1120416,225
375,375,20230503133625,1121568,223
376,376,20230503133625,1122720,218
377,377,20230503133625,1123872,215
378,378,20230503133625,1125024,221
379,379,20230503133625,1126176,227
380,380,20230503133625,1127328,229
381,381,20230503133625,1128480,227
382,382,20230503133625,1129632,218
383,383,20230503133625,1130784,214
384,384,20230503133625,1131936,219
385,385,20230503133625,1133088,223
386,386,20230503133625,1134240,226
387,387,20230503133625,1135392,221
388,388,20230503133625,1136544,220
389,389,20230503133625,1137696,218
390,390,20230503133625,1138848,217
391,391,20230503133625,1140000,221
392,392,20230503133625,1141152,224
393,393,20230503133625,1142304,226
394,394,20230503133626,1143456,223
395,395,20230503133626,1144608,220
396,396,20230503133626,1145760,217
397,397,20230503133626,1146912,218
398,398,20230503133626,1148064,221
399,399,20230503133626,1149216,225
400,400,20230503133626,1150368,222
401,401,20230503133626,1151520,222
402,402,20230503133626,1152672,221
403,403,20230503133626,1153824,219
404,404,20230503133626,1154976,223
405,405,20230503133626,1156128,227
406,406,20230503133626,1157280,228
407,407,20230503133626,1158432,227
408,408,20230503133626,1159584,227
409,409,20230503133626,1160736,219
410,410,20230503133626,1161888,219
411,411,20230503133626,1163040,220
412,412,20230503133626,1164192,224
413,413,20230503133626,1165344,224
414,414,20230503133626,1166496,222
415,415,20230503133626,1167648,215
416,416,20230503133626,1168800,215
417,417,20230503133626,1169952,218
418,418,20230503133626,1171104,222
419,419,20230503133626,1172256,234
420,420,20230503133626,1173408,219
421,421,20230503133626,1174560,217
422,422,20230503133626,1175712,220
423,423,20230503133626,1176864,222
424,424,20230503133626,1178016,225
425,425,20230503133626,1179168,221
426,426,20230503133626,1180320,215
427,427,20230503133626,1181472,217
428,428,20230503133626,1182624,223
429,429,20230503133626,1183776,221
430,430,20230503133626,1184928,229
431,431,20230503133626,1186080,227
432,432,20230503133626,1187232,223
433,433,20230503133626,1188384,222
434,434,20230503133626,1189536,223
435,435,20230503133626,1190688,220
436,436,20230503133626,1191840,222
437,437,20230503133626,1192992,225
438,438,20230503133626,1194144,227
439,439,20230503133626,1195296,223
440,440,20230503133626,1196448,224
441,441,20230503133626,1197600,225
442,442,20230503133626,1198752,222
443,443,20230503133626,1199904,230
444,444,20230503133626,1201056,226
445,445,20230503133626,1202208,196
446,446,20230503133626,1203360,216
447,447,20230503133626,1204512,216
448,448,20230503133626,1205664,219
449,449,20230503133626,1206816,225
450,450,20230503133626,1207968,226
451,451,20230503133626,1209120,226
452,452,20230503133626,1210272,221
453,453,20230503133626,1211424,222
454,454,20230503133626,1212576,221
455,455,20230503133626,1213728,219
456,456,20230503133626,1214880,223
457,457,20230503133626,1216032,223
458,458,20230503133626,1217184,246
459,459,20230503133626,1218336,221
460,460,20230503133626,1219488,220
461,461,20230503133626,1220640,218
462,462,20230503133626,1221792,226
463,463,20230503133626,1222944,224
464,464,20230503133627,1224096,223
465,465,20230503133627,1225248,217
466,466,20230503133627,1226400,216
467,467,20230503133627,1227552,216
468,468,20230503133627,1228704,221
469,469,20230503133627,1229856,226
470,470,20230503133627,1231008,226
471,471,20230503133627,1232160,221
472,472,20230503133627,1233312,231
473,473,20230503133627,1234464,217
474,474,20230503133627,1235616,216
475,475,20230503133627,1236768,223
476,476,20230503133627,1237920,222
477,477,20230503133627,1239072,224
478,478,20230503133627,1240224,220
479,479,20230503133627,1241376,219
480,480,20230503133627,1242528,220
481,481,20230503133627,1243680,222
482,482,20230503133627,1244832,226
483,483,20230503133627,1245984,227
484,484,20230503133627,1247136,207
485,485,20230503133627,1248288,224
486,486,20230503133627,1249440,220
487,487,20230503133627,1250592,219
488,488,20230503133627,1251744,227
489,489,20230503133627,1252896,225
490,490,20230503133627,1254048,229
491,491,20230503133627,1255200,223
492,492,20230503133627,1256352,220
493,493,20230503133627,1257504,218
494,494,20230503133627,1258656,221
495,495,20230503133627,1259808,223
496,496,20230503133627,1260960,227
497,497,20230503133627,1262112,298
498,498,20230503133627,1263264,218
499,499,20230503133627,1264416,217
500,500,20230503133627,1265568,218
501,501,20230503133627,1266720,222
502,502,20230503133627,1267872,223
503,503,20230503133627,1269024,223
504,504,20230503133627,1270176,218
505,505,20230503133627,1271328,216
506,506,20230503133627,1272480,214
507,507,20230503133627,1273632,221
508,508,20230503133627,1274784,221
509,509,20230503133627,1275936,223
510,510,20230503133627,1277088,222
511,511,20230503133627,1278240,219
512,512,20230503133627,1279392,218
513,513,20230503133627,1280544,218
514,514,20230503133627,1281696,222
515,515,20230503133627,1282848,223
516,516,20230503133627,1284000,226
517,517,20230503133627,1285152,222
518,518,20230503133627,1286304,222
519,519,20230503133627,1287456,222
520,520,20230503133627,1288608,222
521,521,20230503133627,1289760,225
522,522,20230503133627,1290912,232
523,523,20230503133627,1292064,221
524,524,20230503133627,1293216,221
525,525,20230503133627,1294368,221
526,526,20230503133627,1295520,220
527,527,20230503133628,1296672,226
528,528,20230503133628,1297824,226
529,529,20230503133628,1298976,227
530,530,20230503133628,1300128,221
531,531,20230503133628,1301280,215
532,532,20230503133628,1302432,218
533,533,20230503133628,1303584,220
534,534,20230503133628,1304736,223
535,535,20230503133628,1305888,225
536,536,20230503133628,1307040,225
537,537,20230503133628,1308192,220
538,538,20230503133628,1309344,218
539,539,20230503133628,1310496,219
540,540,20230503133628,1311648,223
541,541,20230503133628,1312800,222
542,542,20230503133628,1313952,221
543,543,20230503133628,1315104,219
544,544,20230503133628,1316256,223
545,545,20230503133628,1317408,217
546,546,20230503133628,1318560,218
547,547,20230503133628,1319712,221
548,548,20230503133628,1320864,224
549,549,20230503133628,1322016,222
550,550,20230503133628,1323168,220
551,551,20230503133628,1324320,220
552,552,20230503133628,1325472,218
553,553,20230503133628,1326624,222
554,554,20230503133628,1327776,222
555,555,20230503133628,1328928,225
556,556,20230503133628,1330080,222
557,557,20230503133628,1331232,223
558,558,20230503133628,1332384,226
559,559,20230503133628,1333536,223
560,560,20230503133628,1334688,225
561,561,20230503133628,1335840,227
562,562,20230503133628,1336992,223
563,563,20230503133628,1338144,221
564,564,20230503133628,1339296,220
565,565,20230503133628,1340448,216
566,566,20230503133628,1341600,223
567,567,20230503133628,1342752,223
568,568,20230503133628,1343904,222
569,569,20230503133628,1345056,219
570,570,20230503133628,1346208,219
571,571,20230503133628,1347360,219
572,572,20230503133628,1348512,221
573,573,20230503133628,1349664,222
574,574,20230503133628,1350816,224
575,575,20230503133628,1351968,223
576,576,20230503133628,1353120,221
577,577,20230503133628,1354272,222
578,578,20230503133628,1355424,219
579,579,20230503133628,1356576,225
580,580,20230503133628,1357728,223
581,581,20230503133628,1358880,226
582,582,20230503133628,1360032,222
583,583,20230503133628,1361184,221
584,584,20230503133628,1362336,221
585,585,20230503133628,1363488,221
586,586,20230503133628,1364640,222
587,587,20230503133629,1365792,223
588,588,20230503133629,1366944,220
589,589,20230503133629,1368096,218
590,590,20230503133629,1369248,219
591,591,20230503133629,1370400,218
592,592,20230503133629,1371552,223
593,593,20230503133629,1372704,223
594,594,20230503133629,1373856,221
595,595,20230503133629,1375008,217
596,596,20230503133629,1376160,220
597,597,20230503133629,1377312,218
598,598,20230503133629,1378464,221
599,599,20230503133629,1379616,222
600,600,20230503133629,1380768,225
601,601,20230503133629,1381920,221
602,602,20230503133629,1383072,222
603,603,20230503133629,1384224,219
604,604,20230503133629,1385376,218
605,605,20230503133629,1386528,224
606,606,20230503133629,1387680,224
607,607,20230503133629,1388832,224
608,608,20230503133629,1389984,220
609,609,20230503133629,1391136,223
610,610,20230503133629,1392288,220
611,611,20230503133629,1393440,225
612,612,20230503133629,1394592,227
613,613,20230503133629,1395744,227
614,614,20230503133629,1396896,223
615,615,20230503133629,1398048,224
616,616,20230503133629,1399200,222
617,617,20230503133629,1400352,220
618,618,20230503133629,1401504,228
619,619,20230503133629,1402656,228
620,620,20230503133629,1403808,225
621,621,20230503133629,1404960,221
622,622,20230503133629,1406112,221
623,623,20230503133629,1407264,220
624,624,20230503133629,1408416,223
625,625,20230503133629,1409568,223
626,626,20230503133629,1410720,223
627,627,20230503133629,1411872,217
628,628,20230503133629,1413024,219
629,629,20230503133629,1414176,216
630,630,20230503133629,1415328,219
631,631,20230503133629,1416480,223
632,632,20230503133629,1417632,226
633,633,20230503133629,1418784,226
634,634,20230503133629,1419936,218
635,635,20230503133629,1421088,216
636,636,20230503133629,1422240,216
637,637,20230503133629,1423392,222
638,638,20230503133629,1424544,223
639,639,20230503133629,1425696,237
640,640,20230503133629,1426848,221
641,641,20230503133629,1428000,223
642,642,20230503133629,1429152,227
643,643,20230503133629,1430304,236
644,644,20230503133629,1431456,284
645,645,20230503133629,1432608,246
646,646,20230503133629,1433760,231
647,647,20230503133629,1434912,200
648,648,20230503133629,1436064,156
649,649,20230503133630,1437216,186
650,650,20230503133630,1438368,198
651,651,20230503133630,1439520,212
652,652,20230503133630,1440672,210
653,653,20230503133630,1441824,201
654,654,20230503133630,1442976,197
655,655,20230503133630,1444128,206
656,656,20230503133630,1445280,219
657,657,20230503133630,1446432,225
658,658,20230503133630,1447584,229
659,659,20230503133630,1448736,220
660,660,20230503133630,1449888,231
661,661,20230503133630,1451040,233
662,662,20230503133630,1452192,228
663,663,20230503133630,1453344,240
664,664,20230503133630,1454496,237
665,665,20230503133630,1455648,247
666,666,20230503133630,1456800,239
667,667,20230503133630,1457952,189
668,668,20230503133630,1459104,222
669,669,20230503133630,1460256,220
670,670,20230503133630,1461408,231
671,671,20230503133630,1462560,231
672,672,20230503133630,1463712,252
673,673,20230503133630,1464872,225
674,674,20230503133630,1466024,231
675,675,20230503133630,1467176,218
676,676,20230503133630,1468328,222
677,677,20230503133630,1469480,222
678,678,20230503133630,1470632,275
679,679,20230503133630,1471784,228
680,680,20230503133630,1472936,237
681,681,20230503133630,1474088,217
682,682,20230503133630,1475240,216
683,683,20230503133630,1476392,215
684,684,20230503133630,1477544,217
685,685,20230503133630,1478696,233
686,686,20230503133630,1479848,212
687,687,20230503133630,1481000,224
688,688,20230503133630,1482152,215
689,689,20230503133630,1483304,222
690,690,20230503133630,1484456,228
691,691,20230503133630,1485608,245
692,692,20230503133630,1486760,235
693,693,20230503133630,1487912,235
694,694,20230503133630,1489064,225
695,695,20230503133630,1490216,219
696,696,20230503133630,1491368,227
697,697,20230503133630,1492520,228
698,698,20230503133630,1493672,242
699,699,20230503133630,1494824,220
700,700,20230503133630,1495976,229
701,701,20230503133630,1497128,215
702,702,20230503133630,1498280,223
703,703,20230503133630,1499432,226
704,704,20230503133630,1500584,237
705,705,20230503133630,1501736,231
706,706,20230503133630,1502888,230
707,707,20230503133630,1504040,221
708,708,20230503133630,1505192,220
709,709,20230503133630,1506344,229
710,710,20230503133630,1507496,229
711,711,20230503133631,1508648,245
712,712,20230503133631,1509800,222
713,713,20230503133631,1510952,226
714,714,20230503133631,1512104,215
715,715,20230503133631,1513256,221
716,716,20230503133631,1514408,223
717,717,20230503133631,1515560,266
718,718,20230503133631,1516712,230
719,719,20230503133631,1517864,217
720,720,20230503133631,1519016,223
721,721,20230503133631,1520168,222
722,722,20230503133631,1521320,230
723,723,20230503133631,1522472,232
724,724,20230503133631,1523624,245
725,725,20230503133631,1524776,223
726,726,20230503133631,1525928,227
727,727,20230503133631,1527080,218
728,728,20230503133631,1528232,222
729,729,20230503133631,1529384,222
730,730,20230503133631,1530536,241
731,731,20230503133631,1531688,224
732,732,20230503133631,1532840,230
733,733,20230503133631,1533992,217
734,734,20230503133631,1535144,217
735,735,20230503133631,1536296,223
736,736,20230503133631,1537448,228
737,737,20230503133631,1538600,237
738,738,20230503133631,1539752,220
739,739,20230503133631,1540904,226
740,740,20230503133631,1542056,217
741,741,20230503133631,1543208,222
742,742,20230503133631,1544360,225
743,743,20230503133631,1545512,240
744,744,20230503133631,1546664,229
745,745,20230503133631,1547816,233
746,746,20230503133631,1548968,221
747,747,20230503133631,1550120,221
748,748,20230503133631,1551272,229
749,749,20230503133631,1552424,237
750,750,20230503133631,1553576,246
751,751,20230503133631,1554728,227
752,752,20230503133631,1555880,231
753,753,20230503133631,1557032,218
754,754,20230503133631,1558184,224
755,755,20230503133631,1559336,228
756,756,20230503133631,1560488,231
757,757,20230503133631,1561640,227
758,758,20230503133631,1562792,232
759,759,20230503133631,1563944,215
760,760,20230503133631,1565096,218
761,761,20230503133631,1566248,222
762,762,20230503133631,1567400,197
763,763,20230503133631,1568552,236
764,764,20230503133631,1569704,218
765,765,20230503133631,1570856,224
766,766,20230503133631,1572008,218
767,767,20230503133631,1573160,221
768,768,20230503133631,1574312,226
769,769,20230503133631,1575464,239
770,770,20230503133631,1576616,226
771,771,20230503133631,1577768,234
772,772,20230503133631,1578920,219
773,773,20230503133631,1580072,219
774,774,20230503133631,1581224,224
775,775,20230503133631,1582376,233
776,776,20230503133631,1583528,238
777,777,20230503133632,1584680,227
778,778,20230503133632,1585832,230
779,779,20230503133632,1586984,218
780,780,20230503133632,1588136,222
781,781,20230503133632,1589288,227
782,782,20230503133632,1590440,244
783,783,20230503133632,1591592,231
784,784,20230503133632,1592744,239
785,785,20230503133632,1593896,223
786,786,20230503133632,1595048,222
787,787,20230503133632,1596200,227
788,788,20230503133632,1597352,225
789,789,20230503133632,1598504,238
790,790,20230503133632,1599656,212
791,791,20230503133632,1600808,226
792,792,20230503133632,1601960,216
793,793,20230503133632,1603112,220
794,794,20230503133632,1604264,224
795,795,20230503133632,1605416,237
796,796,20230503133632,1606568,226
797,797,20230503133632,1607720,231
798,798,20230503133632,1608872,219
799,799,20230503133632,1610024,220
800,800,20230503133632,1611176,223
801,801,20230503133632,1612328,197
802,802,20230503133632,1613480,234
803,803,20230503133632,1614632,192
804,804,20230503133632,1615784,227
805,805,20230503133632,1616936,219
806,806,20230503133632,1618088,224
807,807,20230503133632,1619240,223
808,808,20230503133632,1620392,241
809,809,20230503133632,1621544,229
810,810,20230503133632,1622696,239
811,811,20230503133632,1623848,225
812,812,20230503133632,1625000,221
813,813,20230503133632,1626152,227
814,814,20230503133632,1627304,237
815,815,20230503133632,1628456,236
816,816,20230503133632,1629608,229
817,817,20230503133632,1630760,230
818,818,20230503133632,1631912,218
819,819,20230503133632,1633064,223
820,820,20230503133632,1634216,223
821,821,20230503133632,1635368,215
822,822,20230503133632,1636520,226
823,823,20230503133632,1637672,235
824,824,20230503133632,1638824,220
825,825,20230503133632,1639976,220
826,826,20230503133632,1641128,222
827,827,20230503133632,1642280,222
828,828,20230503133632,1643432,231
829,829,20230503133632,1644584,220
830,830,20230503133632,1645736,226
831,831,20230503133632,1646888,217
832,832,20230503133632,1648040,223
833,833,20230503133632,1649192,225
834,834,20230503133632,1650344,374
835,835,20230503133632,1651496,226
836,836,20230503133632,1652648,236
837,837,20230503133632,1653800,222
838,838,20230503133633,1654952,224
839,839,20230503133633,1656104,223
840,840,20230503133633,1657256,188
841,841,20230503133633,1658408,230
842,842,20230503133633,1659560,211
843,843,20230503133633,1660712,227
844,844,20230503133633,1661864,219
845,845,20230503133633,1663016,223
846,846,20230503133633,1664168,222
847,847,20230503133633,1665320,233
848,848,20230503133633,1666472,221
849,849,20230503133633,1667624,231
850,850,20230503133633,1668776,221
851,851,20230503133633,1669928,224
852,852,20230503133633,1671080,223
853,853,20230503133633,1672232,230
854,854,20230503133633,1673384,229
855,855,20230503133633,1674536,231
856,856,20230503133633,1675688,228
857,857,20230503133633,1676840,221
858,858,20230503133633,1677992,225
859,859,20230503133633,1679144,225
860,860,20230503133633,1680296,237
861,861,20230503133633,1681448,226
862,862,20230503133633,1682600,234
863,863,20230503133633,1683752,219
864,864,20230503133633,1684904,231
865,865,20230503133633,1686056,227
866,866,20230503133633,1687208,224
867,867,20230503133633,1688360,228
868,868,20230503133633,1689512,222
869,869,20230503133633,1690664,227
870,870,20230503133633,1691816,222
871,871,20230503133633,1692968,227
872,872,20230503133633,1694120,225
873,873,20230503133633,1695272,236
874,874,20230503133633,1696424,224
875,875,20230503133633,1697576,232
876,876,20230503133633,1698728,223
877,877,20230503133633,1699880,226
878,878,20230503133633,1701032,225
879,879,20230503133633,1702184,202
880,880,20230503133633,1703336,227
881,881,20230503133633,1704488,195
882,882,20230503133633,1705640,222
883,883,20230503133633,1706792,223
884,884,20230503133633,1707944,225
885,885,20230503133633,1709096,223
886,886,20230503133633,1710248,232
887,887,20230503133633,1711400,221
888,888,20230503133633,1712552,232
889,889,20230503133633,1713704,222
890,890,20230503133633,1714856,228
891,891,20230503133633,1716008,228
892,892,20230503133633,1717160,231
893,893,20230503133633,1718312,228
894,894,20230503133633,1719464,236
895,895,20230503133633,1720616,235
896,896,20230503133633,1721768,247
897,897,20230503133633,1722920,366
898,898,20230503133634,1724072,304
899,899,20230503133634,1725224,143
900,900,20230503133634,1726380,48
901,901,20230503133634,1727540,131
902,902,20230503133634,1728700,215
903,903,20230503133634,1729860,231
904,904,20230503133634,1731020,191
905,905,20230503133634,1732180,160
906,906,20230503133634,1733340,169
907,907,20230503133634,1734500,210
908,908,20230503133634,1735660,259
909,909,20230503133634,1736820,230
910,910,20230503133634,1737980,230
911,911,20230503133634,1739140,238
912,912,20230503133634,1740300,275
913,913,20230503133634,1741460,271
914,914,20230503133634,1742620,264
915,915,20230503133634,1743780,233
916,916,20230503133634,1744940,244
917,917,20230503133634,1746100,253
918,918,20230503133634,1747260,258
919,919,20230503133634,1748420,231
920,920,20230503133634,1749580,208
921,921,20230503133634,1750740,203
922,922,20230503133634,1751900,222
923,923,20230503133634,1753060,237
924,924,20230503133634,1754220,231
925,925,20230503133634,1755380,216
926,926,20230503133634,1756540,207
927,927,20230503133634,1757700,222
928,928,20230503133634,1758860,223
929,929,20230503133634,1760020,229
930,930,20230503133634,1761180,223
931,931,20230503133634,1762340,215
932,932,20230503133634,1763500,223
933,933,20230503133634,1764660,219
934,934,20230503133634,1765820,215
935,935,20230503133634,1766980,212
936,936,20230503133634,1768140,208
937,937,20230503133634,1769300,216
938,938,20230503133634,1770460,221
939,939,20230503133634,1771620,210
940,940,20230503133634,1772780,221
941,941,20230503133634,1773940,218
942,942,20230503133634,1775100,232
943,943,20230503133634,1776260,234
944,944,20230503133634,1777420,223
945,945,20230503133634,1778580,239
946,946,20230503133634,1779740,219
947,947,20230503133634,1780900,229
948,948,20230503133634,1782060,226
949,949,20230503133634,1783220,234
950,950,20230503133634,1784380,231
951,951,20230503133634,1785540,228
952,952,20230503133634,1786700,217
953,953,20230503133634,1787860,227
954,954,20230503133634,1789020,220
955,955,20230503133634,1790180,223
956,956,20230503133634,1791340,227
957,957,20230503133634,1792500,234
958,958,20230503133634,1793660,228
959,959,20230503133635,1794820,227
960,960,20230503133635,1795980,226
961,961,20230503133635,1797140,219
962,962,20230503133635,1798300,222
963,963,20230503133635,1799460,226
964,964,20230503133635,1800620,230
965,965,20230503133635,1801780,213
966,966,20230503133635,1802940,208
967,967,20230503133635,1804100,210
968,968,20230503133635,1805260,216
969,969,20230503133635,1806420,223
970,970,20230503133635,1807580,224
971,971,20230503133635,1808740,222
972,972,20230503133635,1809900,223
973,973,20230503133635,1811060,225
974,974,20230503133635,1812220,229
975,975,20230503133635,1813380,242
976,976,20230503133635,1814540,237
977,977,20230503133635,1815700,239
978,978,20230503133635,1816860,223
979,979,20230503133635,1818020,228
980,980,20230503133635,1819180,219
981,981,20230503133635,1820340,221
982,982,20230503133635,1821500,223
983,983,20230503133635,1822660,233
984,984,20230503133635,1823820,224
985,985,20230503133635,1824980,230
986,986,20230503133635,1826140,223
987,987,20230503133635,1827300,224
988,988,20230503133635,1828460,228
989,989,20230503133635,1829620,213
990,990,20230503133635,1830780,239
991,991,20230503133635,1831940,221
992,992,20230503133635,1833100,225
993,993,20230503133635,1834260,219
994,994,20230503133635,1835420,229
995,995,20230503133635,1836580,229
996,996,20230503133635,1837740,231
997,997,20230503133635,1838900,219
998,998,20230503133635,1840060,224
999,999,20230503133635,1841220,217
1000,1000,20230503133635,1842380,222
