1,1,2.02305E+13,1160,220
2,2,2.02305E+13,117220,221
3,3,2.02305E+13,118380,217
4,4,2.02305E+13,119540,220
5,5,2.02305E+13,235600,221
6,6,2.02305E+13,236760,217
7,7,2.02305E+13,237920,220
8,8,2.02305E+13,353980,221
9,9,2.02305E+13,355140,217
10,10,2.02305E+13,356300,220
11,11,2.02305E+13,472360,221
12,12,2.02305E+13,473520,217
13,13,2.02305E+13,474680,220
14,14,2.02305E+13,590740,221
15,15,2.02305E+13,591900,217
16,16,2.02305E+13,593060,220
17,17,2.02305E+13,709120,221
18,18,2.02305E+13,710280,217
19,19,2.02305E+13,711440,220
20,20,2.02305E+13,712600,221
21,21,2.02305E+13,713752,221
22,22,2.02305E+13,714904,227
23,23,2.02305E+13,716056,230
24,24,2.02305E+13,717208,222
25,25,2.02305E+13,718360,218
26,26,2.02305E+13,719512,215
27,27,2.02305E+13,720664,220
28,28,2.02305E+13,721816,231
29,29,2.02305E+13,722968,233
30,30,2.02305E+13,724120,239
31,31,2.02305E+13,725272,250
32,32,2.02305E+13,726424,212
33,33,2.02305E+13,727576,207
34,34,2.02305E+13,728728,204
35,35,2.02305E+13,729880,225
36,36,2.02305E+13,731032,243
37,37,2.02305E+13,732184,234
38,38,2.02305E+13,733336,220
39,39,2.02305E+13,734488,212
40,40,2.02305E+13,735640,219
41,41,2.02305E+13,736792,217
42,42,2.02305E+13,737944,215
43,43,2.02305E+13,739096,209
44,44,2.02305E+13,740248,204
45,45,2.02305E+13,741400,210
46,46,2.02305E+13,742552,215
47,47,2.02305E+13,743704,225
48,48,2.02305E+13,744856,229
49,49,2.02305E+13,746008,236
50,50,2.02305E+13,747160,234
51,51,2.02305E+13,748312,230
52,52,2.02305E+13,749464,225
53,53,2.02305E+13,750616,221
54,54,2.02305E+13,751768,233
55,55,2.02305E+13,752920,237
56,56,2.02305E+13,754072,239
57,57,2.02305E+13,755224,232
58,58,2.02305E+13,756376,223
59,59,2.02305E+13,757528,219
60,60,2.02305E+13,758680,226
61,61,2.02305E+13,759832,227
62,62,2.02305E+13,760984,230
63,63,2.02305E+13,762136,222
64,64,2.02305E+13,763288,215
65,65,2.02305E+13,764440,212
66,66,2.02305E+13,765592,219
67,67,2.02305E+13,766744,225
68,68,2.02305E+13,767896,227
69,69,2.02305E+13,769048,228
70,70,2.02305E+13,770200,223
71,71,2.02305E+13,771352,220
72,72,2.02305E+13,772504,217
73,73,2.02305E+13,773656,222
74,74,2.02305E+13,774808,227
75,75,2.02305E+13,775960,230
76,76,2.02305E+13,777112,225
77,77,2.02305E+13,778264,221
78,78,2.02305E+13,779416,215
79,79,2.02305E+13,780568,218
80,80,2.02305E+13,781720,222
81,81,2.02305E+13,782872,227
82,82,2.02305E+13,784024,227
83,83,2.02305E+13,785176,221
84,84,2.02305E+13,786328,218
85,85,2.02305E+13,787480,216
86,86,2.02305E+13,788632,225
87,87,2.02305E+13,789784,226
88,88,2.02305E+13,790936,226
89,89,2.02305E+13,792088,223
90,90,2.02305E+13,793240,222
91,91,2.02305E+13,794392,216
92,92,2.02305E+13,795544,221
93,93,2.02305E+13,796696,222
94,94,2.02305E+13,797848,227
95,95,2.02305E+13,799000,219
96,96,2.02305E+13,800152,227
97,97,2.02305E+13,801304,224
98,98,2.02305E+13,802456,220
99,99,2.02305E+13,803608,226
100,100,2.02305E+13,804760,223
101,101,2.02305E+13,805912,228
102,102,2.02305E+13,807064,227
103,103,2.02305E+13,808216,225
104,104,2.02305E+13,809368,221
105,105,2.02305E+13,810520,221
106,106,2.02305E+13,811672,221
107,107,2.02305E+13,812824,229
108,108,2.02305E+13,813976,229
109,109,2.02305E+13,815128,228
110,110,2.02305E+13,816280,223
111,111,2.02305E+13,817432,219
112,112,2.02305E+13,818584,219
113,113,2.02305E+13,819736,222
114,114,2.02305E+13,820888,226
115,115,2.02305E+13,822040,224
116,116,2.02305E+13,823192,225
117,117,2.02305E+13,824344,222
118,118,2.02305E+13,825496,222
119,119,2.02305E+13,826648,220
120,120,2.02305E+13,827800,223
121,121,2.02305E+13,828952,223
122,122,2.02305E+13,830104,221
123,123,2.02305E+13,831256,219
124,124,2.02305E+13,832408,218
125,125,2.02305E+13,833560,219
126,126,2.02305E+13,834712,221
127,127,2.02305E+13,835864,226
128,128,2.02305E+13,837016,224
129,129,2.02305E+13,838168,227
130,130,2.02305E+13,839320,223
131,131,2.02305E+13,840472,223
132,132,2.02305E+13,841624,223
133,133,2.02305E+13,842776,226
134,134,2.02305E+13,843928,225
135,135,2.02305E+13,845080,227
136,136,2.02305E+13,846232,226
137,137,2.02305E+13,847384,221
138,138,2.02305E+13,848536,221
139,139,2.02305E+13,849688,221
140,140,2.02305E+13,850840,222
141,141,2.02305E+13,851992,224
142,142,2.02305E+13,853144,225
143,143,2.02305E+13,854296,223
144,144,2.02305E+13,855448,221
145,145,2.02305E+13,856600,221
146,146,2.02305E+13,857752,223
147,147,2.02305E+13,858904,225
148,148,2.02305E+13,860056,226
149,149,2.02305E+13,861208,227
150,150,2.02305E+13,862360,222
151,151,2.02305E+13,863512,225
152,152,2.02305E+13,864664,224
153,153,2.02305E+13,865816,225
154,154,2.02305E+13,866968,225
155,155,2.02305E+13,868120,226
156,156,2.02305E+13,869272,223
157,157,2.02305E+13,870424,221
158,158,2.02305E+13,871576,219
159,159,2.02305E+13,872728,222
160,160,2.02305E+13,873880,222
161,161,2.02305E+13,875032,223
162,162,2.02305E+13,876184,224
163,163,2.02305E+13,877336,220
164,164,2.02305E+13,878488,224
165,165,2.02305E+13,879640,222
166,166,2.02305E+13,880792,223
167,167,2.02305E+13,881944,219
168,168,2.02305E+13,883096,220
169,169,2.02305E+13,884248,223
170,170,2.02305E+13,885400,220
171,171,2.02305E+13,886552,219
172,172,2.02305E+13,887704,220
173,173,2.02305E+13,888856,219
174,174,2.02305E+13,890008,228
175,175,2.02305E+13,891160,226
176,176,2.02305E+13,892312,220
177,177,2.02305E+13,893464,226
178,178,2.02305E+13,894616,222
179,179,2.02305E+13,895768,221
180,180,2.02305E+13,896920,221
181,181,2.02305E+13,898072,223
182,182,2.02305E+13,899224,221
183,183,2.02305E+13,900376,225
184,184,2.02305E+13,901528,223
185,185,2.02305E+13,902680,224
186,186,2.02305E+13,903832,221
187,187,2.02305E+13,904984,222
188,188,2.02305E+13,906136,225
189,189,2.02305E+13,907288,222
190,190,2.02305E+13,908440,228
191,191,2.02305E+13,909592,225
192,192,2.02305E+13,910744,223
193,193,2.02305E+13,911896,220
194,194,2.02305E+13,913048,223
195,195,2.02305E+13,914200,222
196,196,2.02305E+13,915352,224
197,197,2.02305E+13,916504,225
198,198,2.02305E+13,917656,223
199,199,2.02305E+13,918808,218
200,200,2.02305E+13,919960,218
201,201,2.02305E+13,921112,222
202,202,2.02305E+13,922264,220
203,203,2.02305E+13,923416,225
204,204,2.02305E+13,924568,222
205,205,2.02305E+13,925720,219
206,206,2.02305E+13,926872,215
207,207,2.02305E+13,928024,220
208,208,2.02305E+13,929176,220
209,209,2.02305E+13,930328,225
210,210,2.02305E+13,931480,225
211,211,2.02305E+13,932632,223
212,212,2.02305E+13,933784,217
213,213,2.02305E+13,934936,222
214,214,2.02305E+13,936088,225
215,215,2.02305E+13,937240,222
216,216,2.02305E+13,938392,230
217,217,2.02305E+13,939544,227
218,218,2.02305E+13,940696,222
219,219,2.02305E+13,941848,218
220,220,2.02305E+13,943000,225
221,221,2.02305E+13,944152,222
222,222,2.02305E+13,945304,230
223,223,2.02305E+13,946456,229
224,224,2.02305E+13,947608,228
225,225,2.02305E+13,948760,221
226,226,2.02305E+13,949912,222
227,227,2.02305E+13,951064,221
228,228,2.02305E+13,952216,222
229,229,2.02305E+13,953368,227
230,230,2.02305E+13,954520,227
231,231,2.02305E+13,955672,203
232,232,2.02305E+13,956824,213
233,233,2.02305E+13,957976,214
234,234,2.02305E+13,959128,218
235,235,2.02305E+13,960280,225
236,236,2.02305E+13,961432,225
237,237,2.02305E+13,962584,223
238,238,2.02305E+13,963736,216
239,239,2.02305E+13,964888,217
240,240,2.02305E+13,966040,220
241,241,2.02305E+13,967192,222
242,242,2.02305E+13,968344,231
243,243,2.02305E+13,969496,229
244,244,2.02305E+13,970648,224
245,245,2.02305E+13,971800,219
246,246,2.02305E+13,972952,218
247,247,2.02305E+13,974104,219
248,248,2.02305E+13,975256,228
249,249,2.02305E+13,976408,228
250,250,2.02305E+13,977560,226
251,251,2.02305E+13,978712,218
252,252,2.02305E+13,979864,217
253,253,2.02305E+13,981016,216
254,254,2.02305E+13,982168,221
255,255,2.02305E+13,983320,226
256,256,2.02305E+13,984472,225
257,257,2.02305E+13,985624,211
258,258,2.02305E+13,986776,212
259,259,2.02305E+13,987928,211
260,260,2.02305E+13,989080,216
261,261,2.02305E+13,990232,223
262,262,2.02305E+13,991384,224
263,263,2.02305E+13,992536,223
264,264,2.02305E+13,993688,217
265,265,2.02305E+13,994840,217
266,266,2.02305E+13,995992,218
267,267,2.02305E+13,997144,222
268,268,2.02305E+13,998296,232
269,269,2.02305E+13,999448,235
270,270,2.02305E+13,1000608,217
271,271,2.02305E+13,1001760,225
272,272,2.02305E+13,1002912,222
273,273,2.02305E+13,1004064,219
274,274,2.02305E+13,1005216,229
275,275,2.02305E+13,1006368,231
276,276,2.02305E+13,1007520,231
277,277,2.02305E+13,1008672,221
278,278,2.02305E+13,1009824,216
279,279,2.02305E+13,1010976,215
280,280,2.02305E+13,1012128,220
281,281,2.02305E+13,1013280,228
282,282,2.02305E+13,1014432,228
283,283,2.02305E+13,1015584,222
284,284,2.02305E+13,1016736,215
285,285,2.02305E+13,1017888,213
286,286,2.02305E+13,1019040,214
287,287,2.02305E+13,1020192,219
288,288,2.02305E+13,1021344,222
289,289,2.02305E+13,1022496,219
290,290,2.02305E+13,1023648,217
291,291,2.02305E+13,1024800,215
292,292,2.02305E+13,1025952,214
293,293,2.02305E+13,1027104,218
294,294,2.02305E+13,1028256,224
295,295,2.02305E+13,1029408,234
296,296,2.02305E+13,1030560,234
297,297,2.02305E+13,1031712,223
298,298,2.02305E+13,1032864,218
299,299,2.02305E+13,1034016,217
300,300,2.02305E+13,1035168,227
301,301,2.02305E+13,1036320,229
302,302,2.02305E+13,1037472,229
303,303,2.02305E+13,1038624,223
304,304,2.02305E+13,1039776,219
305,305,2.02305E+13,1040928,214
306,306,2.02305E+13,1042080,217
307,307,2.02305E+13,1043232,225
308,308,2.02305E+13,1044384,228
309,309,2.02305E+13,1045536,217
310,310,2.02305E+13,1046688,213
311,311,2.02305E+13,1047840,210
312,312,2.02305E+13,1048992,213
313,313,2.02305E+13,1050144,222
314,314,2.02305E+13,1051296,226
315,315,2.02305E+13,1052448,227
316,316,2.02305E+13,1053600,220
317,317,2.02305E+13,1054752,215
318,318,2.02305E+13,1055904,216
319,319,2.02305E+13,1057056,221
320,320,2.02305E+13,1058208,228
321,321,2.02305E+13,1059360,230
322,322,2.02305E+13,1060512,254
323,323,2.02305E+13,1061664,221
324,324,2.02305E+13,1062816,218
325,325,2.02305E+13,1063968,219
326,326,2.02305E+13,1065120,228
327,327,2.02305E+13,1066272,227
328,328,2.02305E+13,1067424,233
329,329,2.02305E+13,1068576,228
330,330,2.02305E+13,1069728,197
331,331,2.02305E+13,1070880,217
332,332,2.02305E+13,1072032,223
333,333,2.02305E+13,1073184,227
334,334,2.02305E+13,1074336,231
335,335,2.02305E+13,1075488,231
336,336,2.02305E+13,1076640,222
337,337,2.02305E+13,1077792,215
338,338,2.02305E+13,1078944,218
339,339,2.02305E+13,1080096,220
340,340,2.02305E+13,1081248,227
341,341,2.02305E+13,1082400,233
342,342,2.02305E+13,1083552,226
343,343,2.02305E+13,1084704,229
344,344,2.02305E+13,1085856,218
345,345,2.02305E+13,1087008,219
346,346,2.02305E+13,1088160,223
347,347,2.02305E+13,1089312,231
348,348,2.02305E+13,1090464,217
349,349,2.02305E+13,1091616,223
350,350,2.02305E+13,1092768,221
351,351,2.02305E+13,1093920,221
352,352,2.02305E+13,1095072,231
353,353,2.02305E+13,1096224,231
354,354,2.02305E+13,1097376,237
355,355,2.02305E+13,1098528,230
356,356,2.02305E+13,1099680,228
357,357,2.02305E+13,1100832,226
358,358,2.02305E+13,1101984,226
359,359,2.02305E+13,1103136,230
360,360,2.02305E+13,1104288,234
361,361,2.02305E+13,1105440,211
362,362,2.02305E+13,1106592,222
363,363,2.02305E+13,1107744,221
364,364,2.02305E+13,1108896,218
365,365,2.02305E+13,1110048,220
366,366,2.02305E+13,1111200,223
367,367,2.02305E+13,1112352,224
368,368,2.02305E+13,1113504,223
369,369,2.02305E+13,1114656,221
370,370,2.02305E+13,1115808,215
371,371,2.02305E+13,1116960,215
372,372,2.02305E+13,1118112,218
373,373,2.02305E+13,1119264,227
374,374,2.02305E+13,1120416,225
375,375,2.02305E+13,1121568,223
376,376,2.02305E+13,1122720,218
377,377,2.02305E+13,1123872,215
378,378,2.02305E+13,1125024,221
379,379,2.02305E+13,1126176,227
380,380,2.02305E+13,1127328,229
381,381,2.02305E+13,1128480,227
382,382,2.02305E+13,1129632,218
383,383,2.02305E+13,1130784,214
384,384,2.02305E+13,1131936,219
385,385,2.02305E+13,1133088,223
386,386,2.02305E+13,1134240,226
387,387,2.02305E+13,1135392,221
388,388,2.02305E+13,1136544,220
389,389,2.02305E+13,1137696,218
390,390,2.02305E+13,1138848,217
391,391,2.02305E+13,1140000,221
392,392,2.02305E+13,1141152,224
393,393,2.02305E+13,1142304,226
394,394,2.02305E+13,1143456,223
395,395,2.02305E+13,1144608,220
396,396,2.02305E+13,1145760,217
397,397,2.02305E+13,1146912,218
398,398,2.02305E+13,1148064,221
399,399,2.02305E+13,1149216,225
400,400,2.02305E+13,1150368,222
401,401,2.02305E+13,1151520,222
402,402,2.02305E+13,1152672,221
403,403,2.02305E+13,1153824,219
404,404,2.02305E+13,1154976,223
405,405,2.02305E+13,1156128,227
406,406,2.02305E+13,1157280,228
407,407,2.02305E+13,1158432,227
408,408,2.02305E+13,1159584,227
409,409,2.02305E+13,1160736,219
410,410,2.02305E+13,1161888,219
411,411,2.02305E+13,1163040,220
412,412,2.02305E+13,1164192,224
413,413,2.02305E+13,1165344,224
414,414,2.02305E+13,1166496,222
415,415,2.02305E+13,1167648,215
416,416,2.02305E+13,1168800,215
417,417,2.02305E+13,1169952,218
418,418,2.02305E+13,1171104,222
419,419,2.02305E+13,1172256,234
420,420,2.02305E+13,1173408,219
421,421,2.02305E+13,1174560,217
422,422,2.02305E+13,1175712,220
423,423,2.02305E+13,1176864,222
424,424,2.02305E+13,1178016,225
425,425,2.02305E+13,1179168,221
426,426,2.02305E+13,1180320,215
427,427,2.02305E+13,1181472,217
428,428,2.02305E+13,1182624,223
429,429,2.02305E+13,1183776,221
430,430,2.02305E+13,1184928,229
431,431,2.02305E+13,1186080,227
432,432,2.02305E+13,1187232,223
433,433,2.02305E+13,1188384,222
434,434,2.02305E+13,1189536,223
435,435,2.02305E+13,1190688,220
436,436,2.02305E+13,1191840,222
437,437,2.02305E+13,1192992,225
438,438,2.02305E+13,1194144,227
439,439,2.02305E+13,1195296,223
440,440,2.02305E+13,1196448,224
441,441,2.02305E+13,1197600,225
442,442,2.02305E+13,1198752,222
443,443,2.02305E+13,1199904,230
444,444,2.02305E+13,1201056,226
445,445,2.02305E+13,1202208,196
446,446,2.02305E+13,1203360,216
447,447,2.02305E+13,1204512,216
448,448,2.02305E+13,1205664,219
449,449,2.02305E+13,1206816,225
450,450,2.02305E+13,1207968,226
451,451,2.02305E+13,1209120,226
452,452,2.02305E+13,1210272,221
453,453,2.02305E+13,1211424,222
454,454,2.02305E+13,1212576,221
455,455,2.02305E+13,1213728,219
456,456,2.02305E+13,1214880,223
457,457,2.02305E+13,1216032,223
458,458,2.02305E+13,1217184,246
459,459,2.02305E+13,1218336,221
460,460,2.02305E+13,1219488,220
461,461,2.02305E+13,1220640,218
462,462,2.02305E+13,1221792,226
463,463,2.02305E+13,1222944,224
464,464,2.02305E+13,1224096,223
465,465,2.02305E+13,1225248,217
466,466,2.02305E+13,1226400,216
467,467,2.02305E+13,1227552,216
468,468,2.02305E+13,1228704,221
469,469,2.02305E+13,1229856,226
470,470,2.02305E+13,1231008,226
471,471,2.02305E+13,1232160,221
472,472,2.02305E+13,1233312,231
473,473,2.02305E+13,1234464,217
474,474,2.02305E+13,1235616,216
475,475,2.02305E+13,1236768,223
476,476,2.02305E+13,1237920,222
477,477,2.02305E+13,1239072,224
478,478,2.02305E+13,1240224,220
479,479,2.02305E+13,1241376,219
480,480,2.02305E+13,1242528,220
481,481,2.02305E+13,1243680,222
482,482,2.02305E+13,1244832,226
483,483,2.02305E+13,1245984,227
484,484,2.02305E+13,1247136,207
485,485,2.02305E+13,1248288,224
486,486,2.02305E+13,1249440,220
487,487,2.02305E+13,1250592,219
488,488,2.02305E+13,1251744,227
489,489,2.02305E+13,1252896,225
490,490,2.02305E+13,1254048,229
491,491,2.02305E+13,1255200,223
492,492,2.02305E+13,1256352,220
493,493,2.02305E+13,1257504,218
494,494,2.02305E+13,1258656,221
495,495,2.02305E+13,1259808,223
496,496,2.02305E+13,1260960,227
497,497,2.02305E+13,1262112,298
498,498,2.02305E+13,1263264,218
499,499,2.02305E+13,1264416,217
500,500,2.02305E+13,1265568,218
501,501,2.02305E+13,1266720,222
502,502,2.02305E+13,1267872,223
503,503,2.02305E+13,1269024,223
504,504,2.02305E+13,1270176,218
505,505,2.02305E+13,1271328,216
506,506,2.02305E+13,1272480,214
507,507,2.02305E+13,1273632,221
508,508,2.02305E+13,1274784,221
509,509,2.02305E+13,1275936,223
510,510,2.02305E+13,1277088,222
511,511,2.02305E+13,1278240,219
512,512,2.02305E+13,1279392,218
513,513,2.02305E+13,1280544,218
514,514,2.02305E+13,1281696,222
515,515,2.02305E+13,1282848,223
516,516,2.02305E+13,1284000,226
517,517,2.02305E+13,1285152,222
518,518,2.02305E+13,1286304,222
519,519,2.02305E+13,1287456,222
520,520,2.02305E+13,1288608,222
521,521,2.02305E+13,1289760,225
522,522,2.02305E+13,1290912,232
523,523,2.02305E+13,1292064,221
524,524,2.02305E+13,1293216,221
525,525,2.02305E+13,1294368,221
526,526,2.02305E+13,1295520,220
527,527,2.02305E+13,1296672,226
528,528,2.02305E+13,1297824,226
529,529,2.02305E+13,1298976,227
530,530,2.02305E+13,1300128,221
531,531,2.02305E+13,1301280,215
532,532,2.02305E+13,1302432,218
533,533,2.02305E+13,1303584,220
534,534,2.02305E+13,1304736,223
535,535,2.02305E+13,1305888,225
536,536,2.02305E+13,1307040,225
537,537,2.02305E+13,1308192,220
538,538,2.02305E+13,1309344,218
539,539,2.02305E+13,1310496,219
540,540,2.02305E+13,1311648,223
541,541,2.02305E+13,1312800,222
542,542,2.02305E+13,1313952,221
543,543,2.02305E+13,1315104,219
544,544,2.02305E+13,1316256,223
545,545,2.02305E+13,1317408,217
546,546,2.02305E+13,1318560,218
547,547,2.02305E+13,1319712,221
548,548,2.02305E+13,1320864,224
549,549,2.02305E+13,1322016,222
550,550,2.02305E+13,1323168,220
551,551,2.02305E+13,1324320,220
552,552,2.02305E+13,1325472,218
553,553,2.02305E+13,1326624,222
554,554,2.02305E+13,1327776,222
555,555,2.02305E+13,1328928,225
556,556,2.02305E+13,1330080,222
557,557,2.02305E+13,1331232,223
558,558,2.02305E+13,1332384,226
559,559,2.02305E+13,1333536,223
560,560,2.02305E+13,1334688,225
561,561,2.02305E+13,1335840,227
562,562,2.02305E+13,1336992,223
563,563,2.02305E+13,1338144,221
564,564,2.02305E+13,1339296,220
565,565,2.02305E+13,1340448,216
566,566,2.02305E+13,1341600,223
567,567,2.02305E+13,1342752,223
568,568,2.02305E+13,1343904,222
569,569,2.02305E+13,1345056,219
570,570,2.02305E+13,1346208,219
571,571,2.02305E+13,1347360,219
572,572,2.02305E+13,1348512,221
573,573,2.02305E+13,1349664,222
574,574,2.02305E+13,1350816,224
575,575,2.02305E+13,1351968,223
576,576,2.02305E+13,1353120,221
577,577,2.02305E+13,1354272,222
578,578,2.02305E+13,1355424,219
579,579,2.02305E+13,1356576,225
580,580,2.02305E+13,1357728,223
581,581,2.02305E+13,1358880,226
582,582,2.02305E+13,1360032,222
583,583,2.02305E+13,1361184,221
584,584,2.02305E+13,1362336,221
585,585,2.02305E+13,1363488,221
586,586,2.02305E+13,1364640,222
587,587,2.02305E+13,1365792,223
588,588,2.02305E+13,1366944,220
589,589,2.02305E+13,1368096,218
590,590,2.02305E+13,1369248,219
591,591,2.02305E+13,1370400,218
592,592,2.02305E+13,1371552,223
593,593,2.02305E+13,1372704,223
594,594,2.02305E+13,1373856,221
595,595,2.02305E+13,1375008,217
596,596,2.02305E+13,1376160,220
597,597,2.02305E+13,1377312,218
598,598,2.02305E+13,1378464,221
599,599,2.02305E+13,1379616,222
600,600,2.02305E+13,1380768,225
601,601,2.02305E+13,1381920,221
602,602,2.02305E+13,1383072,222
603,603,2.02305E+13,1384224,219
604,604,2.02305E+13,1385376,218
605,605,2.02305E+13,1386528,224
606,606,2.02305E+13,1387680,224
607,607,2.02305E+13,1388832,224
608,608,2.02305E+13,1389984,220
609,609,2.02305E+13,1391136,223
610,610,2.02305E+13,1392288,220
611,611,2.02305E+13,1393440,225
612,612,2.02305E+13,1394592,227
613,613,2.02305E+13,1395744,227
614,614,2.02305E+13,1396896,223
615,615,2.02305E+13,1398048,224
616,616,2.02305E+13,1399200,222
617,617,2.02305E+13,1400352,220
618,618,2.02305E+13,1401504,228
619,619,2.02305E+13,1402656,228
620,620,2.02305E+13,1403808,225
621,621,2.02305E+13,1404960,221
622,622,2.02305E+13,1406112,221
623,623,2.02305E+13,1407264,220
624,624,2.02305E+13,1408416,223
625,625,2.02305E+13,1409568,223
626,626,2.02305E+13,1410720,223
627,627,2.02305E+13,1411872,217
628,628,2.02305E+13,1413024,219
629,629,2.02305E+13,1414176,216
630,630,2.02305E+13,1415328,219
631,631,2.02305E+13,1416480,223
632,632,2.02305E+13,1417632,226
633,633,2.02305E+13,1418784,226
634,634,2.02305E+13,1419936,218
635,635,2.02305E+13,1421088,216
636,636,2.02305E+13,1422240,216
637,637,2.02305E+13,1423392,222
638,638,2.02305E+13,1424544,223
639,639,2.02305E+13,1425696,237
640,640,2.02305E+13,1426848,221
641,641,2.02305E+13,1428000,223
642,642,2.02305E+13,1429152,227
643,643,2.02305E+13,1430304,236
644,644,2.02305E+13,1431456,284
645,645,2.02305E+13,1432608,246
646,646,2.02305E+13,1433760,231
647,647,2.02305E+13,1434912,200
648,648,2.02305E+13,1436064,156
649,649,2.02305E+13,1437216,186
650,650,2.02305E+13,1438368,198
651,651,2.02305E+13,1439520,212
652,652,2.02305E+13,1440672,210
653,653,2.02305E+13,1441824,201
654,654,2.02305E+13,1442976,197
655,655,2.02305E+13,1444128,206
656,656,2.02305E+13,1445280,219
657,657,2.02305E+13,1446432,225
658,658,2.02305E+13,1447584,229
659,659,2.02305E+13,1448736,220
660,660,2.02305E+13,1449888,231
661,661,2.02305E+13,1451040,233
662,662,2.02305E+13,1452192,228
663,663,2.02305E+13,1453344,240
664,664,2.02305E+13,1454496,237
665,665,2.02305E+13,1455648,247
666,666,2.02305E+13,1456800,239
667,667,2.02305E+13,1457952,189
668,668,2.02305E+13,1459104,222
669,669,2.02305E+13,1460256,220
670,670,2.02305E+13,1461408,231
671,671,2.02305E+13,1462560,231
672,672,2.02305E+13,1463712,252
673,673,2.02305E+13,1464872,225
674,674,2.02305E+13,1466024,231
675,675,2.02305E+13,1467176,218
676,676,2.02305E+13,1468328,222
677,677,2.02305E+13,1469480,222
678,678,2.02305E+13,1470632,275
679,679,2.02305E+13,1471784,228
680,680,2.02305E+13,1472936,237
681,681,2.02305E+13,1474088,217
682,682,2.02305E+13,1475240,216
683,683,2.02305E+13,1476392,215
684,684,2.02305E+13,1477544,217
685,685,2.02305E+13,1478696,233
686,686,2.02305E+13,1479848,212
687,687,2.02305E+13,1481000,224
688,688,2.02305E+13,1482152,215
689,689,2.02305E+13,1483304,222
690,690,2.02305E+13,1484456,228
691,691,2.02305E+13,1485608,245
692,692,2.02305E+13,1486760,235
693,693,2.02305E+13,1487912,235
694,694,2.02305E+13,1489064,225
695,695,2.02305E+13,1490216,219
696,696,2.02305E+13,1491368,227
697,697,2.02305E+13,1492520,228
698,698,2.02305E+13,1493672,242
699,699,2.02305E+13,1494824,220
700,700,2.02305E+13,1495976,229
701,701,2.02305E+13,1497128,215
702,702,2.02305E+13,1498280,223
703,703,2.02305E+13,1499432,226
704,704,2.02305E+13,1500584,237
705,705,2.02305E+13,1501736,231
706,706,2.02305E+13,1502888,230
707,707,2.02305E+13,1504040,221
708,708,2.02305E+13,1505192,220
709,709,2.02305E+13,1506344,229
710,710,2.02305E+13,1507496,229
711,711,2.02305E+13,1508648,245
712,712,2.02305E+13,1509800,222
713,713,2.02305E+13,1510952,226
714,714,2.02305E+13,1512104,215
715,715,2.02305E+13,1513256,221
716,716,2.02305E+13,1514408,223
717,717,2.02305E+13,1515560,266
718,718,2.02305E+13,1516712,230
719,719,2.02305E+13,1517864,217
720,720,2.02305E+13,1519016,223
721,721,2.02305E+13,1520168,222
722,722,2.02305E+13,1521320,230
723,723,2.02305E+13,1522472,232
724,724,2.02305E+13,1523624,245
725,725,2.02305E+13,1524776,223
726,726,2.02305E+13,1525928,227
727,727,2.02305E+13,1527080,218
728,728,2.02305E+13,1528232,222
729,729,2.02305E+13,1529384,222
730,730,2.02305E+13,1530536,241
731,731,2.02305E+13,1531688,224
732,732,2.02305E+13,1532840,230
733,733,2.02305E+13,1533992,217
734,734,2.02305E+13,1535144,217
735,735,2.02305E+13,1536296,223
736,736,2.02305E+13,1537448,228
737,737,2.02305E+13,1538600,237
738,738,2.02305E+13,1539752,220
739,739,2.02305E+13,1540904,226
740,740,2.02305E+13,1542056,217
741,741,2.02305E+13,1543208,222
742,742,2.02305E+13,1544360,225
743,743,2.02305E+13,1545512,240
744,744,2.02305E+13,1546664,229
745,745,2.02305E+13,1547816,233
746,746,2.02305E+13,1548968,221
747,747,2.02305E+13,1550120,221
748,748,2.02305E+13,1551272,229
749,749,2.02305E+13,1552424,237
750,750,2.02305E+13,1553576,246
751,751,2.02305E+13,1554728,227
752,752,2.02305E+13,1555880,231
753,753,2.02305E+13,1557032,218
754,754,2.02305E+13,1558184,224
755,755,2.02305E+13,1559336,228
756,756,2.02305E+13,1560488,231
757,757,2.02305E+13,1561640,227
758,758,2.02305E+13,1562792,232
759,759,2.02305E+13,1563944,215
760,760,2.02305E+13,1565096,218
761,761,2.02305E+13,1566248,222
762,762,2.02305E+13,1567400,197
763,763,2.02305E+13,1568552,236
764,764,2.02305E+13,1569704,218
765,765,2.02305E+13,1570856,224
766,766,2.02305E+13,1572008,218
767,767,2.02305E+13,1573160,221
768,768,2.02305E+13,1574312,226
769,769,2.02305E+13,1575464,239
770,770,2.02305E+13,1576616,226
771,771,2.02305E+13,1577768,234
772,772,2.02305E+13,1578920,219
773,773,2.02305E+13,1580072,219
774,774,2.02305E+13,1581224,224
775,775,2.02305E+13,1582376,233
776,776,2.02305E+13,1583528,238
777,777,2.02305E+13,1584680,227
778,778,2.02305E+13,1585832,230
779,779,2.02305E+13,1586984,218
780,780,2.02305E+13,1588136,222
781,781,2.02305E+13,1589288,227
782,782,2.02305E+13,1590440,244
783,783,2.02305E+13,1591592,231
784,784,2.02305E+13,1592744,239
785,785,2.02305E+13,1593896,223
786,786,2.02305E+13,1595048,222
787,787,2.02305E+13,1596200,227
788,788,2.02305E+13,1597352,225
789,789,2.02305E+13,1598504,238
790,790,2.02305E+13,1599656,212
791,791,2.02305E+13,1600808,226
792,792,2.02305E+13,1601960,216
793,793,2.02305E+13,1603112,220
794,794,2.02305E+13,1604264,224
795,795,2.02305E+13,1605416,237
796,796,2.02305E+13,1606568,226
797,797,2.02305E+13,1607720,231
798,798,2.02305E+13,1608872,219
799,799,2.02305E+13,1610024,220
800,800,2.02305E+13,1611176,223
801,801,2.02305E+13,1612328,197
802,802,2.02305E+13,1613480,234
803,803,2.02305E+13,1614632,192
804,804,2.02305E+13,1615784,227
805,805,2.02305E+13,1616936,219
806,806,2.02305E+13,1618088,224
807,807,2.02305E+13,1619240,223
808,808,2.02305E+13,1620392,241
809,809,2.02305E+13,1621544,229
810,810,2.02305E+13,1622696,239
811,811,2.02305E+13,1623848,225
812,812,2.02305E+13,1625000,221
813,813,2.02305E+13,1626152,227
814,814,2.02305E+13,1627304,237
815,815,2.02305E+13,1628456,236
816,816,2.02305E+13,1629608,229
817,817,2.02305E+13,1630760,230
818,818,2.02305E+13,1631912,218
819,819,2.02305E+13,1633064,223
820,820,2.02305E+13,1634216,223
821,821,2.02305E+13,1635368,215
822,822,2.02305E+13,1636520,226
823,823,2.02305E+13,1637672,235
824,824,2.02305E+13,1638824,220
825,825,2.02305E+13,1639976,220
826,826,2.02305E+13,1641128,222
827,827,2.02305E+13,1642280,222
828,828,2.02305E+13,1643432,231
829,829,2.02305E+13,1644584,220
830,830,2.02305E+13,1645736,226
831,831,2.02305E+13,1646888,217
832,832,2.02305E+13,1648040,223
833,833,2.02305E+13,1649192,225
834,834,2.02305E+13,1650344,374
835,835,2.02305E+13,1651496,226
836,836,2.02305E+13,1652648,236
837,837,2.02305E+13,1653800,222
838,838,2.02305E+13,1654952,224
839,839,2.02305E+13,1656104,223
840,840,2.02305E+13,1657256,188
841,841,2.02305E+13,1658408,230
842,842,2.02305E+13,1659560,211
843,843,2.02305E+13,1660712,227
844,844,2.02305E+13,1661864,219
845,845,2.02305E+13,1663016,223
846,846,2.02305E+13,1664168,222
847,847,2.02305E+13,1665320,233
848,848,2.02305E+13,1666472,221
849,849,2.02305E+13,1667624,231
850,850,2.02305E+13,1668776,221
851,851,2.02305E+13,1669928,224
852,852,2.02305E+13,1671080,223
853,853,2.02305E+13,1672232,230
854,854,2.02305E+13,1673384,229
855,855,2.02305E+13,1674536,231
856,856,2.02305E+13,1675688,228
857,857,2.02305E+13,1676840,221
858,858,2.02305E+13,1677992,225
859,859,2.02305E+13,1679144,225
860,860,2.02305E+13,1680296,237
861,861,2.02305E+13,1681448,226
862,862,2.02305E+13,1682600,234
863,863,2.02305E+13,1683752,219
864,864,2.02305E+13,1684904,231
865,865,2.02305E+13,1686056,227
866,866,2.02305E+13,1687208,224
867,867,2.02305E+13,1688360,228
868,868,2.02305E+13,1689512,222
869,869,2.02305E+13,1690664,227
870,870,2.02305E+13,1691816,222
871,871,2.02305E+13,1692968,227
872,872,2.02305E+13,1694120,225
873,873,2.02305E+13,1695272,236
874,874,2.02305E+13,1696424,224
875,875,2.02305E+13,1697576,232
876,876,2.02305E+13,1698728,223
877,877,2.02305E+13,1699880,226
878,878,2.02305E+13,1701032,225
879,879,2.02305E+13,1702184,202
880,880,2.02305E+13,1703336,227
881,881,2.02305E+13,1704488,195
882,882,2.02305E+13,1705640,222
883,883,2.02305E+13,1706792,223
884,884,2.02305E+13,1707944,225
885,885,2.02305E+13,1709096,223
886,886,2.02305E+13,1710248,232
887,887,2.02305E+13,1711400,221
888,888,2.02305E+13,1712552,232
889,889,2.02305E+13,1713704,222
890,890,2.02305E+13,1714856,228
891,891,2.02305E+13,1716008,228
892,892,2.02305E+13,1717160,231
893,893,2.02305E+13,1718312,228
894,894,2.02305E+13,1719464,236
895,895,2.02305E+13,1720616,235
896,896,2.02305E+13,1721768,247
897,897,2.02305E+13,1722920,366
898,898,2.02305E+13,1724072,304
899,899,2.02305E+13,1725224,143
900,900,2.02305E+13,1726380,48
901,901,2.02305E+13,1727540,131
902,902,2.02305E+13,1728700,215
903,903,2.02305E+13,1729860,231
904,904,2.02305E+13,1731020,191
905,905,2.02305E+13,1732180,160
906,906,2.02305E+13,1733340,169
907,907,2.02305E+13,1734500,210
908,908,2.02305E+13,1735660,259
909,909,2.02305E+13,1736820,230
910,910,2.02305E+13,1737980,230
911,911,2.02305E+13,1739140,238
912,912,2.02305E+13,1740300,275
913,913,2.02305E+13,1741460,271
914,914,2.02305E+13,1742620,264
915,915,2.02305E+13,1743780,233
916,916,2.02305E+13,1744940,244
917,917,2.02305E+13,1746100,253
918,918,2.02305E+13,1747260,258
919,919,2.02305E+13,1748420,231
920,920,2.02305E+13,1749580,208
921,921,2.02305E+13,1750740,203
922,922,2.02305E+13,1751900,222
923,923,2.02305E+13,1753060,237
924,924,2.02305E+13,1754220,231
925,925,2.02305E+13,1755380,216
926,926,2.02305E+13,1756540,207
927,927,2.02305E+13,1757700,222
928,928,2.02305E+13,1758860,223
929,929,2.02305E+13,1760020,229
930,930,2.02305E+13,1761180,223
931,931,2.02305E+13,1762340,215
932,932,2.02305E+13,1763500,223
933,933,2.02305E+13,1764660,219
934,934,2.02305E+13,1765820,215
935,935,2.02305E+13,1766980,212
936,936,2.02305E+13,1768140,208
937,937,2.02305E+13,1769300,216
938,938,2.02305E+13,1770460,221
939,939,2.02305E+13,1771620,210
940,940,2.02305E+13,1772780,221
941,941,2.02305E+13,1773940,218
942,942,2.02305E+13,1775100,232
943,943,2.02305E+13,1776260,234
944,944,2.02305E+13,1777420,223
945,945,2.02305E+13,1778580,239
946,946,2.02305E+13,1779740,219
947,947,2.02305E+13,1780900,229
948,948,2.02305E+13,1782060,226
949,949,2.02305E+13,1783220,234
950,950,2.02305E+13,1784380,231
951,951,2.02305E+13,1785540,228
952,952,2.02305E+13,1786700,217
953,953,2.02305E+13,1787860,227
954,954,2.02305E+13,1789020,220
955,955,2.02305E+13,1790180,223
956,956,2.02305E+13,1791340,227
957,957,2.02305E+13,1792500,234
958,958,2.02305E+13,1793660,228
959,959,2.02305E+13,1794820,227
960,960,2.02305E+13,1795980,226
961,961,2.02305E+13,1797140,219
962,962,2.02305E+13,1798300,222
963,963,2.02305E+13,1799460,226
964,964,2.02305E+13,1800620,230
965,965,2.02305E+13,1801780,213
966,966,2.02305E+13,1802940,208
967,967,2.02305E+13,1804100,210
968,968,2.02305E+13,1805260,216
969,969,2.02305E+13,1806420,223
970,970,2.02305E+13,1807580,224
971,971,2.02305E+13,1808740,222
972,972,2.02305E+13,1809900,223
973,973,2.02305E+13,1811060,225
974,974,2.02305E+13,1812220,229
975,975,2.02305E+13,1813380,242
976,976,2.02305E+13,1814540,237
977,977,2.02305E+13,1815700,239
978,978,2.02305E+13,1816860,223
979,979,2.02305E+13,1818020,228
980,980,2.02305E+13,1819180,219
981,981,2.02305E+13,1820340,221
982,982,2.02305E+13,1821500,223
983,983,2.02305E+13,1822660,233
984,984,2.02305E+13,1823820,224
985,985,2.02305E+13,1824980,230
986,986,2.02305E+13,1826140,223
987,987,2.02305E+13,1827300,224
988,988,2.02305E+13,1828460,228
989,989,2.02305E+13,1829620,213
990,990,2.02305E+13,1830780,239
991,991,2.02305E+13,1831940,221
992,992,2.02305E+13,1833100,225
993,993,2.02305E+13,1834260,219
994,994,2.02305E+13,1835420,229
995,995,2.02305E+13,1836580,229
996,996,2.02305E+13,1837740,231
997,997,2.02305E+13,1838900,219
998,998,2.02305E+13,1840060,224
999,999,2.02305E+13,1841220,217
1000,1000,2.02305E+13,1842380,222
